Built,n,prop
3.5.0,76,0.8735632183908046
3.5.2,11,0.12643678160919541
